table_schema,table_name,grantee,privilege_type,is_grantable
public,abilitazioni_modifica,anon,REFERENCES,NO
public,abilitazioni_modifica,anon,TRIGGER,NO
public,abilitazioni_modifica,anon,TRUNCATE,NO
public,abilitazioni_modifica,authenticated,REFERENCES,NO
public,abilitazioni_modifica,authenticated,SELECT,NO
public,abilitazioni_modifica,authenticated,TRIGGER,NO
public,abilitazioni_modifica,authenticated,TRUNCATE,NO
public,abilitazioni_modifica,authenticated,UPDATE,NO
public,abilitazioni_modifica,service_role,DELETE,NO
public,abilitazioni_modifica,service_role,INSERT,NO
public,abilitazioni_modifica,service_role,REFERENCES,NO
public,abilitazioni_modifica,service_role,SELECT,NO
public,abilitazioni_modifica,service_role,TRIGGER,NO
public,abilitazioni_modifica,service_role,TRUNCATE,NO
public,abilitazioni_modifica,service_role,UPDATE,NO
public,anagrafica,anon,REFERENCES,NO
public,anagrafica,anon,TRIGGER,NO
public,anagrafica,anon,TRUNCATE,NO
public,anagrafica,authenticated,INSERT,NO
public,anagrafica,authenticated,REFERENCES,NO
public,anagrafica,authenticated,SELECT,NO
public,anagrafica,authenticated,TRIGGER,NO
public,anagrafica,authenticated,TRUNCATE,NO
public,anagrafica,authenticated,UPDATE,NO
public,anagrafica,service_role,DELETE,NO
public,anagrafica,service_role,INSERT,NO
public,anagrafica,service_role,REFERENCES,NO
public,anagrafica,service_role,SELECT,NO
public,anagrafica,service_role,TRIGGER,NO
public,anagrafica,service_role,TRUNCATE,NO
public,anagrafica,service_role,UPDATE,NO
public,anagrafica_riservata,anon,REFERENCES,NO
public,anagrafica_riservata,anon,TRIGGER,NO
public,anagrafica_riservata,anon,TRUNCATE,NO
public,anagrafica_riservata,authenticated,INSERT,NO
public,anagrafica_riservata,authenticated,REFERENCES,NO
public,anagrafica_riservata,authenticated,SELECT,NO
public,anagrafica_riservata,authenticated,TRIGGER,NO
public,anagrafica_riservata,authenticated,TRUNCATE,NO
public,anagrafica_riservata,authenticated,UPDATE,NO
public,anagrafica_riservata,service_role,DELETE,NO
public,anagrafica_riservata,service_role,INSERT,NO
public,anagrafica_riservata,service_role,REFERENCES,NO
public,anagrafica_riservata,service_role,SELECT,NO
public,anagrafica_riservata,service_role,TRIGGER,NO
public,anagrafica_riservata,service_role,TRUNCATE,NO
public,anagrafica_riservata,service_role,UPDATE,NO
public,anni_accademici,anon,REFERENCES,NO
public,anni_accademici,anon,TRIGGER,NO
public,anni_accademici,anon,TRUNCATE,NO
public,anni_accademici,authenticated,REFERENCES,NO
public,anni_accademici,authenticated,SELECT,NO
public,anni_accademici,authenticated,TRIGGER,NO
public,anni_accademici,authenticated,TRUNCATE,NO
public,anni_accademici,service_role,REFERENCES,NO
public,anni_accademici,service_role,SELECT,NO
public,anni_accademici,service_role,TRIGGER,NO
public,anni_accademici,service_role,TRUNCATE,NO
public,eventi,anon,REFERENCES,NO
public,eventi,anon,TRIGGER,NO
public,eventi,anon,TRUNCATE,NO
public,eventi,authenticated,DELETE,NO
public,eventi,authenticated,INSERT,NO
public,eventi,authenticated,REFERENCES,NO
public,eventi,authenticated,SELECT,NO
public,eventi,authenticated,TRIGGER,NO
public,eventi,authenticated,TRUNCATE,NO
public,eventi,authenticated,UPDATE,NO
public,eventi,service_role,REFERENCES,NO
public,eventi,service_role,TRIGGER,NO
public,eventi,service_role,TRUNCATE,NO
public,house_of_mentore,anon,REFERENCES,NO
public,house_of_mentore,anon,TRIGGER,NO
public,house_of_mentore,anon,TRUNCATE,NO
public,house_of_mentore,authenticated,DELETE,NO
public,house_of_mentore,authenticated,INSERT,NO
public,house_of_mentore,authenticated,REFERENCES,NO
public,house_of_mentore,authenticated,SELECT,NO
public,house_of_mentore,authenticated,TRIGGER,NO
public,house_of_mentore,authenticated,TRUNCATE,NO
public,house_of_mentore,authenticated,UPDATE,NO
public,house_of_mentore,service_role,REFERENCES,NO
public,house_of_mentore,service_role,TRIGGER,NO
public,house_of_mentore,service_role,TRUNCATE,NO
public,house_of_mentore_opzioni,anon,REFERENCES,NO
public,house_of_mentore_opzioni,anon,TRIGGER,NO
public,house_of_mentore_opzioni,anon,TRUNCATE,NO
public,house_of_mentore_opzioni,authenticated,DELETE,NO
public,house_of_mentore_opzioni,authenticated,INSERT,NO
public,house_of_mentore_opzioni,authenticated,REFERENCES,NO
public,house_of_mentore_opzioni,authenticated,SELECT,NO
public,house_of_mentore_opzioni,authenticated,TRIGGER,NO
public,house_of_mentore_opzioni,authenticated,TRUNCATE,NO
public,house_of_mentore_opzioni,authenticated,UPDATE,NO
public,house_of_mentore_opzioni,service_role,REFERENCES,NO
public,house_of_mentore_opzioni,service_role,TRIGGER,NO
public,house_of_mentore_opzioni,service_role,TRUNCATE,NO
public,import_insegnamenti,anon,REFERENCES,NO
public,import_insegnamenti,anon,TRIGGER,NO
public,import_insegnamenti,anon,TRUNCATE,NO
public,import_insegnamenti,authenticated,REFERENCES,NO
public,import_insegnamenti,authenticated,TRIGGER,NO
public,import_insegnamenti,authenticated,TRUNCATE,NO
public,import_insegnamenti,service_role,DELETE,NO
public,import_insegnamenti,service_role,INSERT,NO
public,import_insegnamenti,service_role,REFERENCES,NO
public,import_insegnamenti,service_role,SELECT,NO
public,import_insegnamenti,service_role,TRIGGER,NO
public,import_insegnamenti,service_role,TRUNCATE,NO
public,import_insegnamenti,service_role,UPDATE,NO
public,import_partecipanti,anon,REFERENCES,NO
public,import_partecipanti,anon,TRIGGER,NO
public,import_partecipanti,anon,TRUNCATE,NO
public,import_partecipanti,authenticated,REFERENCES,NO
public,import_partecipanti,authenticated,TRIGGER,NO
public,import_partecipanti,authenticated,TRUNCATE,NO
public,import_partecipanti,service_role,DELETE,NO
public,import_partecipanti,service_role,INSERT,NO
public,import_partecipanti,service_role,REFERENCES,NO
public,import_partecipanti,service_role,SELECT,NO
public,import_partecipanti,service_role,TRIGGER,NO
public,import_partecipanti,service_role,TRUNCATE,NO
public,import_partecipanti,service_role,UPDATE,NO
public,insegnamenti,anon,REFERENCES,NO
public,insegnamenti,anon,TRIGGER,NO
public,insegnamenti,anon,TRUNCATE,NO
public,insegnamenti,authenticated,DELETE,NO
public,insegnamenti,authenticated,INSERT,NO
public,insegnamenti,authenticated,REFERENCES,NO
public,insegnamenti,authenticated,SELECT,NO
public,insegnamenti,authenticated,TRIGGER,NO
public,insegnamenti,authenticated,TRUNCATE,NO
public,insegnamenti,authenticated,UPDATE,NO
public,insegnamenti,service_role,DELETE,NO
public,insegnamenti,service_role,INSERT,NO
public,insegnamenti,service_role,REFERENCES,NO
public,insegnamenti,service_role,SELECT,NO
public,insegnamenti,service_role,TRIGGER,NO
public,insegnamenti,service_role,TRUNCATE,NO
public,insegnamenti,service_role,UPDATE,NO
public,mentoraggi,anon,REFERENCES,NO
public,mentoraggi,anon,TRIGGER,NO
public,mentoraggi,anon,TRUNCATE,NO
public,mentoraggi,authenticated,DELETE,NO
public,mentoraggi,authenticated,INSERT,NO
public,mentoraggi,authenticated,REFERENCES,NO
public,mentoraggi,authenticated,SELECT,NO
public,mentoraggi,authenticated,TRIGGER,NO
public,mentoraggi,authenticated,TRUNCATE,NO
public,mentoraggi,authenticated,UPDATE,NO
public,mentoraggi,service_role,DELETE,NO
public,mentoraggi,service_role,INSERT,NO
public,mentoraggi,service_role,REFERENCES,NO
public,mentoraggi,service_role,SELECT,NO
public,mentoraggi,service_role,TRIGGER,NO
public,mentoraggi,service_role,TRUNCATE,NO
public,mentoraggi,service_role,UPDATE,NO
public,mentoraggio_mentori,anon,REFERENCES,NO
public,mentoraggio_mentori,anon,TRIGGER,NO
public,mentoraggio_mentori,anon,TRUNCATE,NO
public,mentoraggio_mentori,authenticated,DELETE,NO
public,mentoraggio_mentori,authenticated,INSERT,NO
public,mentoraggio_mentori,authenticated,REFERENCES,NO
public,mentoraggio_mentori,authenticated,SELECT,NO
public,mentoraggio_mentori,authenticated,TRIGGER,NO
public,mentoraggio_mentori,authenticated,TRUNCATE,NO
public,mentoraggio_mentori,authenticated,UPDATE,NO
public,mentoraggio_mentori,service_role,DELETE,NO
public,mentoraggio_mentori,service_role,INSERT,NO
public,mentoraggio_mentori,service_role,REFERENCES,NO
public,mentoraggio_mentori,service_role,SELECT,NO
public,mentoraggio_mentori,service_role,TRIGGER,NO
public,mentoraggio_mentori,service_role,TRUNCATE,NO
public,mentoraggio_mentori,service_role,UPDATE,NO
public,news,anon,REFERENCES,NO
public,news,anon,TRIGGER,NO
public,news,anon,TRUNCATE,NO
public,news,authenticated,DELETE,NO
public,news,authenticated,INSERT,NO
public,news,authenticated,REFERENCES,NO
public,news,authenticated,SELECT,NO
public,news,authenticated,TRIGGER,NO
public,news,authenticated,TRUNCATE,NO
public,news,authenticated,UPDATE,NO
public,news,service_role,REFERENCES,NO
public,news,service_role,TRIGGER,NO
public,news,service_role,TRUNCATE,NO
public,notifiche_destinatari,anon,REFERENCES,NO
public,notifiche_destinatari,anon,TRIGGER,NO
public,notifiche_destinatari,anon,TRUNCATE,NO
public,notifiche_destinatari,authenticated,DELETE,NO
public,notifiche_destinatari,authenticated,INSERT,NO
public,notifiche_destinatari,authenticated,REFERENCES,NO
public,notifiche_destinatari,authenticated,SELECT,NO
public,notifiche_destinatari,authenticated,TRIGGER,NO
public,notifiche_destinatari,authenticated,TRUNCATE,NO
public,notifiche_destinatari,authenticated,UPDATE,NO
public,notifiche_destinatari,service_role,DELETE,NO
public,notifiche_destinatari,service_role,INSERT,NO
public,notifiche_destinatari,service_role,REFERENCES,NO
public,notifiche_destinatari,service_role,SELECT,NO
public,notifiche_destinatari,service_role,TRIGGER,NO
public,notifiche_destinatari,service_role,TRUNCATE,NO
public,notifiche_destinatari,service_role,UPDATE,NO
public,notifiche_dispositivi,anon,REFERENCES,NO
public,notifiche_dispositivi,anon,TRIGGER,NO
public,notifiche_dispositivi,anon,TRUNCATE,NO
public,notifiche_dispositivi,authenticated,REFERENCES,NO
public,notifiche_dispositivi,authenticated,SELECT,NO
public,notifiche_dispositivi,authenticated,TRIGGER,NO
public,notifiche_dispositivi,authenticated,TRUNCATE,NO
public,notifiche_dispositivi,service_role,DELETE,NO
public,notifiche_dispositivi,service_role,INSERT,NO
public,notifiche_dispositivi,service_role,REFERENCES,NO
public,notifiche_dispositivi,service_role,SELECT,NO
public,notifiche_dispositivi,service_role,TRIGGER,NO
public,notifiche_dispositivi,service_role,TRUNCATE,NO
public,notifiche_dispositivi,service_role,UPDATE,NO
public,notifiche_messaggi,anon,REFERENCES,NO
public,notifiche_messaggi,anon,TRIGGER,NO
public,notifiche_messaggi,anon,TRUNCATE,NO
public,notifiche_messaggi,authenticated,DELETE,NO
public,notifiche_messaggi,authenticated,INSERT,NO
public,notifiche_messaggi,authenticated,REFERENCES,NO
public,notifiche_messaggi,authenticated,SELECT,NO
public,notifiche_messaggi,authenticated,TRIGGER,NO
public,notifiche_messaggi,authenticated,TRUNCATE,NO
public,notifiche_messaggi,authenticated,UPDATE,NO
public,notifiche_messaggi,service_role,DELETE,NO
public,notifiche_messaggi,service_role,INSERT,NO
public,notifiche_messaggi,service_role,REFERENCES,NO
public,notifiche_messaggi,service_role,SELECT,NO
public,notifiche_messaggi,service_role,TRIGGER,NO
public,notifiche_messaggi,service_role,TRUNCATE,NO
public,notifiche_messaggi,service_role,UPDATE,NO
public,notifiche_regole,anon,REFERENCES,NO
public,notifiche_regole,anon,TRIGGER,NO
public,notifiche_regole,anon,TRUNCATE,NO
public,notifiche_regole,authenticated,DELETE,NO
public,notifiche_regole,authenticated,INSERT,NO
public,notifiche_regole,authenticated,REFERENCES,NO
public,notifiche_regole,authenticated,SELECT,NO
public,notifiche_regole,authenticated,TRIGGER,NO
public,notifiche_regole,authenticated,TRUNCATE,NO
public,notifiche_regole,authenticated,UPDATE,NO
public,notifiche_regole,service_role,DELETE,NO
public,notifiche_regole,service_role,INSERT,NO
public,notifiche_regole,service_role,REFERENCES,NO
public,notifiche_regole,service_role,SELECT,NO
public,notifiche_regole,service_role,TRIGGER,NO
public,notifiche_regole,service_role,TRUNCATE,NO
public,notifiche_regole,service_role,UPDATE,NO
public,notifiche_utenti_attivi,service_role,REFERENCES,NO
public,notifiche_utenti_attivi,service_role,TRIGGER,NO
public,notifiche_utenti_attivi,service_role,TRUNCATE,NO
public,partecipazioni_annuali,anon,REFERENCES,NO
public,partecipazioni_annuali,anon,TRIGGER,NO
public,partecipazioni_annuali,anon,TRUNCATE,NO
public,partecipazioni_annuali,authenticated,REFERENCES,NO
public,partecipazioni_annuali,authenticated,SELECT,NO
public,partecipazioni_annuali,authenticated,TRIGGER,NO
public,partecipazioni_annuali,authenticated,TRUNCATE,NO
public,partecipazioni_annuali,service_role,DELETE,NO
public,partecipazioni_annuali,service_role,INSERT,NO
public,partecipazioni_annuali,service_role,REFERENCES,NO
public,partecipazioni_annuali,service_role,SELECT,NO
public,partecipazioni_annuali,service_role,TRIGGER,NO
public,partecipazioni_annuali,service_role,TRUNCATE,NO
public,partecipazioni_annuali,service_role,UPDATE,NO
public,partecipazioni_eventi,anon,REFERENCES,NO
public,partecipazioni_eventi,anon,TRIGGER,NO
public,partecipazioni_eventi,anon,TRUNCATE,NO
public,partecipazioni_eventi,authenticated,DELETE,NO
public,partecipazioni_eventi,authenticated,INSERT,NO
public,partecipazioni_eventi,authenticated,REFERENCES,NO
public,partecipazioni_eventi,authenticated,SELECT,NO
public,partecipazioni_eventi,authenticated,TRIGGER,NO
public,partecipazioni_eventi,authenticated,TRUNCATE,NO
public,partecipazioni_eventi,authenticated,UPDATE,NO
public,partecipazioni_eventi,service_role,REFERENCES,NO
public,partecipazioni_eventi,service_role,SELECT,NO
public,partecipazioni_eventi,service_role,TRIGGER,NO
public,partecipazioni_eventi,service_role,TRUNCATE,NO
public,partecipazioni_house_of_mentore,anon,REFERENCES,NO
public,partecipazioni_house_of_mentore,anon,TRIGGER,NO
public,partecipazioni_house_of_mentore,anon,TRUNCATE,NO
public,partecipazioni_house_of_mentore,authenticated,DELETE,NO
public,partecipazioni_house_of_mentore,authenticated,INSERT,NO
public,partecipazioni_house_of_mentore,authenticated,REFERENCES,NO
public,partecipazioni_house_of_mentore,authenticated,SELECT,NO
public,partecipazioni_house_of_mentore,authenticated,TRIGGER,NO
public,partecipazioni_house_of_mentore,authenticated,TRUNCATE,NO
public,partecipazioni_house_of_mentore,authenticated,UPDATE,NO
public,partecipazioni_house_of_mentore,service_role,REFERENCES,NO
public,partecipazioni_house_of_mentore,service_role,SELECT,NO
public,partecipazioni_house_of_mentore,service_role,TRIGGER,NO
public,partecipazioni_house_of_mentore,service_role,TRUNCATE,NO
public,questionari,anon,REFERENCES,NO
public,questionari,anon,TRIGGER,NO
public,questionari,anon,TRUNCATE,NO
public,questionari,authenticated,DELETE,NO
public,questionari,authenticated,INSERT,NO
public,questionari,authenticated,REFERENCES,NO
public,questionari,authenticated,SELECT,NO
public,questionari,authenticated,TRIGGER,NO
public,questionari,authenticated,TRUNCATE,NO
public,questionari,authenticated,UPDATE,NO
public,questionari,service_role,DELETE,NO
public,questionari,service_role,INSERT,NO
public,questionari,service_role,REFERENCES,NO
public,questionari,service_role,SELECT,NO
public,questionari,service_role,TRIGGER,NO
public,questionari,service_role,TRUNCATE,NO
public,questionari,service_role,UPDATE,NO
public,questionari_compilazioni,anon,REFERENCES,NO
public,questionari_compilazioni,anon,TRIGGER,NO
public,questionari_compilazioni,anon,TRUNCATE,NO
public,questionari_compilazioni,authenticated,DELETE,NO
public,questionari_compilazioni,authenticated,INSERT,NO
public,questionari_compilazioni,authenticated,REFERENCES,NO
public,questionari_compilazioni,authenticated,SELECT,NO
public,questionari_compilazioni,authenticated,TRIGGER,NO
public,questionari_compilazioni,authenticated,TRUNCATE,NO
public,questionari_compilazioni,service_role,DELETE,NO
public,questionari_compilazioni,service_role,INSERT,NO
public,questionari_compilazioni,service_role,REFERENCES,NO
public,questionari_compilazioni,service_role,SELECT,NO
public,questionari_compilazioni,service_role,TRIGGER,NO
public,questionari_compilazioni,service_role,TRUNCATE,NO
public,questionari_compilazioni,service_role,UPDATE,NO
public,questionari_domande,anon,REFERENCES,NO
public,questionari_domande,anon,TRIGGER,NO
public,questionari_domande,anon,TRUNCATE,NO
public,questionari_domande,authenticated,DELETE,NO
public,questionari_domande,authenticated,INSERT,NO
public,questionari_domande,authenticated,REFERENCES,NO
public,questionari_domande,authenticated,SELECT,NO
public,questionari_domande,authenticated,TRIGGER,NO
public,questionari_domande,authenticated,TRUNCATE,NO
public,questionari_domande,authenticated,UPDATE,NO
public,questionari_domande,service_role,DELETE,NO
public,questionari_domande,service_role,INSERT,NO
public,questionari_domande,service_role,REFERENCES,NO
public,questionari_domande,service_role,SELECT,NO
public,questionari_domande,service_role,TRIGGER,NO
public,questionari_domande,service_role,TRUNCATE,NO
public,questionari_domande,service_role,UPDATE,NO
public,questionari_risposte,anon,REFERENCES,NO
public,questionari_risposte,anon,TRIGGER,NO
public,questionari_risposte,anon,TRUNCATE,NO
public,questionari_risposte,authenticated,INSERT,NO
public,questionari_risposte,authenticated,REFERENCES,NO
public,questionari_risposte,authenticated,SELECT,NO
public,questionari_risposte,authenticated,TRIGGER,NO
public,questionari_risposte,authenticated,TRUNCATE,NO
public,questionari_risposte,service_role,DELETE,NO
public,questionari_risposte,service_role,INSERT,NO
public,questionari_risposte,service_role,REFERENCES,NO
public,questionari_risposte,service_role,SELECT,NO
public,questionari_risposte,service_role,TRIGGER,NO
public,questionari_risposte,service_role,TRUNCATE,NO
public,questionari_risposte,service_role,UPDATE,NO
public,questionari_template,anon,REFERENCES,NO
public,questionari_template,anon,TRIGGER,NO
public,questionari_template,anon,TRUNCATE,NO
public,questionari_template,authenticated,DELETE,NO
public,questionari_template,authenticated,INSERT,NO
public,questionari_template,authenticated,REFERENCES,NO
public,questionari_template,authenticated,SELECT,NO
public,questionari_template,authenticated,TRIGGER,NO
public,questionari_template,authenticated,TRUNCATE,NO
public,questionari_template,authenticated,UPDATE,NO
public,questionari_template,service_role,DELETE,NO
public,questionari_template,service_role,INSERT,NO
public,questionari_template,service_role,REFERENCES,NO
public,questionari_template,service_role,SELECT,NO
public,questionari_template,service_role,TRIGGER,NO
public,questionari_template,service_role,TRUNCATE,NO
public,questionari_template,service_role,UPDATE,NO
public,risorse_mentoring,anon,REFERENCES,NO
public,risorse_mentoring,anon,TRIGGER,NO
public,risorse_mentoring,anon,TRUNCATE,NO
public,risorse_mentoring,authenticated,DELETE,NO
public,risorse_mentoring,authenticated,INSERT,NO
public,risorse_mentoring,authenticated,REFERENCES,NO
public,risorse_mentoring,authenticated,SELECT,NO
public,risorse_mentoring,authenticated,TRIGGER,NO
public,risorse_mentoring,authenticated,TRUNCATE,NO
public,risorse_mentoring,authenticated,UPDATE,NO
public,risorse_mentoring,service_role,REFERENCES,NO
public,risorse_mentoring,service_role,TRIGGER,NO
public,risorse_mentoring,service_role,TRUNCATE,NO
public,ssd,anon,REFERENCES,NO
public,ssd,anon,TRIGGER,NO
public,ssd,anon,TRUNCATE,NO
public,ssd,authenticated,REFERENCES,NO
public,ssd,authenticated,SELECT,NO
public,ssd,authenticated,TRIGGER,NO
public,ssd,authenticated,TRUNCATE,NO
public,ssd,service_role,REFERENCES,NO
public,ssd,service_role,TRIGGER,NO
public,ssd,service_role,TRUNCATE,NO
public,user_roles,anon,REFERENCES,NO
public,user_roles,anon,TRIGGER,NO
public,user_roles,anon,TRUNCATE,NO
public,user_roles,authenticated,REFERENCES,NO
public,user_roles,authenticated,SELECT,NO
public,user_roles,authenticated,TRIGGER,NO
public,user_roles,authenticated,TRUNCATE,NO
public,user_roles,authenticated,UPDATE,NO
public,user_roles,service_role,DELETE,NO
public,user_roles,service_role,INSERT,NO
public,user_roles,service_role,REFERENCES,NO
public,user_roles,service_role,SELECT,NO
public,user_roles,service_role,TRIGGER,NO
public,user_roles,service_role,TRUNCATE,NO
public,user_roles,service_role,UPDATE,NO